company,industry,URL
Bunnings,Retail,https://www.linkedin.com/company/Bunnings/about/
Bunnings,Retail,https://www.linkedin.com/company/Bunnings/about/
Apple,Computers and Electronics Manufacturing,https://www.linkedin.com/company/Apple/about/
Fujitsu,IT Services and IT Consulting,https://www.linkedin.com/company/Fujitsu/about/
Fujitsu,IT Services and IT Consulting,https://www.linkedin.com/company/Fujitsu/about/
Apple,Computers and Electronics Manufacturing,https://www.linkedin.com/company/Apple/about/
Bunnings,Retail,https://www.linkedin.com/company/Bunnings/about/
Bunnings,Retail,https://www.linkedin.com/company/Bunnings/about/
Apple,Computers and Electronics Manufacturing,https://www.linkedin.com/company/Apple/about/
Fujitsu,IT Services and IT Consulting,https://www.linkedin.com/company/Fujitsu/about/
Bunnings,Retail,https://www.linkedin.com/company/Bunnings/about/
Bunnings,Retail,https://www.linkedin.com/company/Bunnings/about/
Apple,Computers and Electronics Manufacturing,https://www.linkedin.com/company/Apple/about/
Fujitsu,IT Services and IT Consulting,https://www.linkedin.com/company/Fujitsu/about/
Fujitsu,IT Services and IT Consulting,https://www.linkedin.com/company/Fujitsu/about/
Apple,Computers and Electronics Manufacturing,https://www.linkedin.com/company/Apple/about/
Bunnings,Retail,https://www.linkedin.com/company/Bunnings/about/
Bunnings,Retail,https://www.linkedin.com/company/Bunnings/about/
Apple,Computers and Electronics Manufacturing,https://www.linkedin.com/company/Apple/about/
Fujitsu,IT Services and IT Consulting,https://www.linkedin.com/company/Fujitsu/about/
